{
	"SCPres": {
		"SI": 101325.0,
		"FU": 14.7
	},
	"SCTemp": {
		"SI": 20.0,
		"FU": 60.0
	},
	"UGC"	: {
		"SI": 8.31446261815324,
		"FU": 10.731577089016,
	},
}