{
	"SI": 8.31446261815324,
	"FU": 10.731577089016
}